Provincia,Localidad,Cantidad
Ciudad de Buenos Aires,CIUDAD AUTONOMA DE BUENOS AIRES,1286
Santa Fe,ROSARIO,252
Córdoba,CORDOBA,233
Provincia de Buenos Aires,MAR DEL PLATA,208
Provincia de Buenos Aires,LA PLATA,151
Provincia de Buenos Aires,BAHIA BLANCA,137
Chubut,COMODORO RIVADAVIA,128
Río Negro,SAN CARLOS DE BARILOCHE,124
Provincia de Buenos Aires,PUNTA ALTA,101
Neuquén,NEUQUEN,81
Provincia de Buenos Aires,TANDIL,78
Entre Ríos,PARANA,77
Mendoza,SAN RAFAEL,77
Provincia de Buenos Aires,QUILMES,76
Salta,SALTA,73
Tierra del Fuego A. e I.A.S.,USHUAIA,72
Santa Cruz,RIO GALLEGOS,66
Entre Ríos,GUALEGUAYCHU,62
Provincia de Buenos Aires,NECOCHEA,62
Provincia de Buenos Aires,LOMAS DE ZAMORA,61
Chubut,TRELEW,59
Córdoba,VILLA CARLOS PAZ,55
Chaco,RESISTENCIA,55
Provincia de Buenos Aires,MORON,53
Entre Ríos,GUALEGUAY,53
Provincia de Buenos Aires,BANFIELD,52
Provincia de Buenos Aires,MERLO,52
Provincia de Buenos Aires,ITUZAINGO,52
Río Negro,GENERAL ROCA,51
Provincia de Buenos Aires,MIRAMAR,50
Corrientes,CORRIENTES,49
Santiago del Estero,SANTIAGO DEL ESTERO,49
Provincia de Buenos Aires,BERAZATEGUI,48
Córdoba,RIO CUARTO,47
Santa Fe,SANTA FE,47
Provincia de Buenos Aires,VILLA BALLESTER,47
Provincia de Buenos Aires,SAN MIGUEL,46
Entre Ríos,CONCORDIA,45
Provincia de Buenos Aires,RAMOS MEJIA,44
Misiones,POSADAS,44
Provincia de Buenos Aires,TEMPERLEY,43
Provincia de Buenos Aires,LANUS OESTE,43
Provincia de Buenos Aires,PERGAMINO,42
Provincia de Buenos Aires,CASEROS,42
Provincia de Buenos Aires,SAN NICOLAS DE LOS ARROYOS,42
Provincia de Buenos Aires,MONTE GRANDE,41
Mendoza,GODOY CRUZ,41
Provincia de Buenos Aires,MORENO,41
Provincia de Buenos Aires,CASTELAR,41
San Luis,SAN LUIS,40
Córdoba,ALTA GRACIA,39
Provincia de Buenos Aires,9 DE JULIO,37
Provincia de Buenos Aires,GENERAL RODRIGUEZ,37
Santa Fe,RAFAELA,36
Provincia de Buenos Aires,SAN PEDRO,35
Provincia de Buenos Aires,PINAMAR,34
Provincia de Buenos Aires,CAMPANA,34
Provincia de Buenos Aires,OLAVARRIA,34
Córdoba,VILLA MARIA,33
La Rioja,LA RIOJA,33
Mendoza,MENDOZA,33
Tucumán,SAN MIGUEL DE TUCUMAN,32
Provincia de Buenos Aires,QUILMES OESTE,32
Chubut,RADA TILLY,31
Provincia de Buenos Aires,OLIVOS,31
Mendoza,LAS HERAS,31
Córdoba,MINA CLAVERO,31
Provincia de Buenos Aires,PEHUAJO,30
Provincia de Buenos Aires,LANUS,30
La Pampa,SANTA ROSA,29
Provincia de Buenos Aires,SALADILLO,29
Tierra del Fuego A. e I.A.S.,RIO GRANDE,28
Río Negro,CIPOLLETTI,28
Provincia de Buenos Aires,MARTINEZ,28
Provincia de Buenos Aires,BOULOGNE,28
Provincia de Buenos Aires,EL PALOMAR,28
La Pampa,GENERAL PICO,28
Provincia de Buenos Aires,WILDE,28
Chubut,RAWSON,27
Santa Fe,VENADO TUERTO,27
Chubut,PUERTO MADRYN,27
Provincia de Buenos Aires,JUNIN,27
Provincia de Buenos Aires,FLORIDA,27
Chubut,ESQUEL,27
Catamarca,SAN FDO DEL VALLE DE CATAMARCA,27
San Juan,SAN JUAN,26
Córdoba,SAN FRANCISCO,26
Provincia de Buenos Aires,ADROGUE,26
Mendoza,GENERAL ALVEAR,25
Provincia de Buenos Aires,FLORENCIO VARELA,25
Provincia de Buenos Aires,CIUDADELA,25
Provincia de Buenos Aires,REMEDIOS DE ESCALADA,25
Santa Fe,Rosario,24
Provincia de Buenos Aires,GENERAL SAN MARTIN,24
Córdoba,RIO TERCERO,24
Provincia de Buenos Aires,AVELLANEDA,23
Provincia de Buenos Aires,Mar del Plata,23
Río Negro,VIEDMA,23
Provincia de Buenos Aires,BELLA VISTA,23
Provincia de Buenos Aires,LANUS ESTE,23
Provincia de Buenos Aires,VILLA LUZURIAGA,23
Provincia de Buenos Aires,BOLIVAR,23
Provincia de Buenos Aires,SAN JUSTO,22
Córdoba,CAPILLA DEL MONTE,22
Entre Ríos,CONCEPCION DEL URUGUAY,22
Provincia de Buenos Aires,ZARATE,22
Provincia de Buenos Aires,TIGRE,22
Provincia de Buenos Aires,PUERTO BELGRANO,21
Provincia de Buenos Aires,LOBERIA,21
Provincia de Buenos Aires,LUJAN,21
Neuquén,PLOTTIER,21
Mendoza,LUJAN DE CUYO,21
Catamarca,SAN FERNANDO DEL VALLE DE CATAMARCA,20
Provincia de Buenos Aires,SAN ISIDRO,20
Provincia de Buenos Aires,PASO DEL REY,20
Mendoza,SAN MARTIN,19
Córdoba,MARCOS JUAREZ,19
Provincia de Buenos Aires,SAN ANTONIO DE PADUA,19
Provincia de Buenos Aires,GERLI,19
Provincia de Buenos Aires,GONZALEZ CATAN,19
Provincia de Buenos Aires,CHASCOMUS,19
San Luis,MERLO,19
Provincia de Buenos Aires,BALCARCE,19
Santa Fe,SANTO TOME,19
Provincia de Buenos Aires,SAN FERNANDO,19
Provincia de Buenos Aires,VILLA DOMINICO,18
Córdoba,VILLA DEL ROSARIO,18
Provincia de Buenos Aires,CITY BELL,18
Mendoza,MALARGUE,18
Santa Cruz,PUERTO DESEADO,18
Santiago del Estero,LA BANDA,18
Provincia de Buenos Aires,BURZACO,18
Provincia de Buenos Aires,LONGCHAMPS,18
Provincia de Buenos Aires,HURLINGHAM,18
Mendoza,LA CONSULTA,18
Córdoba,JESUS MARIA,18
Provincia de Buenos Aires,VILLA GESELL,17
Provincia de Buenos Aires,DOLORES,17
Provincia de Buenos Aires,CHIVILCOY,17
Río Negro,BARILOCHE,17
Provincia de Buenos Aires,EZEIZA,17
Chubut,LAGO PUELO,17
Neuquén,VILLA LA ANGOSTURA,17
Entre Ríos,CRESPO,17
Provincia de Buenos Aires,SARANDI,17
Provincia de Buenos Aires,MUNRO,17
Provincia de Buenos Aires,HAEDO,17
San Juan,RIVADAVIA,16
Provincia de Buenos Aires,MERCEDES,16
Provincia de Buenos Aires,VILLA MARTELLI,16
Santa Cruz,CALETA OLIVIA,16
Provincia de Buenos Aires,LA TABLADA,16
San Luis,VILLA MERCEDES,16
Formosa,FORMOSA,15
Provincia de Buenos Aires,BELEN DE ESCOBAR,15
Provincia de Buenos Aires,CARMEN DE ARECO,15
Provincia de Buenos Aires,San Carlos de Bolivar,15
Provincia de Buenos Aires,RAFAEL CALZADA,15
Provincia de Buenos Aires,SANTOS LUGARES,15
Provincia de Buenos Aires,OSTENDE,15
Jujuy,SAN SALVADOR DE JUJUY,15
Provincia de Buenos Aires,VALENTIN ALSINA,15
Corrientes,GOYA,14
Provincia de Buenos Aires,SAN ANDRES,14
Provincia de Buenos Aires,25 DE MAYO,14
Provincia de Buenos Aires,MANUEL B GONNET,14
Córdoba,SALSIPUEDES,14
Provincia de Buenos Aires,JOSE CLEMENTE PAZ,14
Provincia de Buenos Aires,SAN CARLOS,14
Provincia de Buenos Aires,CIUDAD MADERO,14
Provincia de Buenos Aires,GLEW,14
Provincia de Buenos Aires,BECCAR,14
Córdoba,BELL VILLE,14
Provincia de Buenos Aires,BERISSO,14
Santa Cruz,PERITO MORENO,13
Provincia de Buenos Aires,MARTIN CORONADO,13
Río Negro,EL BOLSON,13
Provincia de Buenos Aires,GENERAL PACHECO,13
Provincia de Buenos Aires,CARAPACHAY,13
Provincia de Buenos Aires,VILLA BOSCH,13
Provincia de Buenos Aires,AZUL,13
Entre Ríos,ROSARIO DEL TALA,13
Provincia de Buenos Aires,ISIDRO CASANOVA,13
Provincia de Buenos Aires,SAN VICENTE,13
Provincia de Buenos Aires,VILLA ADELINA,12
Provincia de Buenos Aires,BERNAL,12
Chubut,TREVELIN,12
Provincia de Buenos Aires,ALEJANDRO KORN,12
Entre Ríos,CHAJARI,12
Provincia de Buenos Aires,LINCOLN,12
Provincia de Buenos Aires,PIÑEYRO,12
Mendoza,SAN JOSE,12
Provincia de Buenos Aires,BENITO JUAREZ,12
Santa Fe,ROLDAN,12
Provincia de Buenos Aires,AYACUCHO,12
Corrientes,SANTO TOME,11
Río Negro,Viedma,11
Córdoba,LA FALDA,11
Entre Ríos,VICTORIA,11
Río Negro,VILLA REGINA,11
Provincia de Buenos Aires,VERONICA,11
Provincia de Buenos Aires,BERNAL ESTE,11
Provincia de Buenos Aires,BENAVIDEZ,11
Provincia de Buenos Aires,TORTUGUITAS,11
Provincia de Buenos Aires,MUÑIZ,11
Córdoba,RIO CEBALLOS,11
Río Negro,DINA HUAPI,11
Santa Fe,FUNES,11
Provincia de Buenos Aires,VILLA ROSA,11
Santa Fe,ARROYO SECO,10
Entre Ríos,COLON,10
Santa Fe,ESPERANZA,10
Provincia de Buenos Aires,SANTA CLARA DEL MAR,10
Mendoza,CHACRAS DE CORIA,10
Provincia de Buenos Aires,LOMAS DEL MIRADOR,10
Provincia de Buenos Aires,CLAYPOLE,10
Provincia de Buenos Aires,RAFAEL CASTILLO,10
Provincia de Buenos Aires,SAN MARTIN,10
Provincia de Buenos Aires,GRAND BOURG,10
Entre Ríos,SAN JOSE,10
Mendoza,MAIPU,10
Corrientes,PASO DE LOS LIBRES,10
Provincia de Buenos Aires,CORONEL PRINGLES,10
Entre Ríos,Gualeguaychu,10
Provincia de Buenos Aires,FLORIDA OESTE,10
Provincia de Buenos Aires,LIBERTAD,10
Provincia de Buenos Aires,CARLOS CASARES,10
Provincia de Buenos Aires,LLAVALLOL,10
Córdoba,VILLA DOLORES,10
Neuquén,CUTRAL CO,9
Mendoza,PAREDITAS,9
Santa Fe,FIRMAT,9
Misiones,OBERA,9
Mendoza,GUAYMALLEN,9
Neuquén,CENTENARIO,9
Entre Ríos,FEDERACION,9
Provincia de Buenos Aires,VILLA LIBERTAD,9
Córdoba,CORRAL DE BUSTOS,9
Provincia de Buenos Aires,La Plata,9
Provincia de Buenos Aires,TRES ARROYOS,9
Provincia de Buenos Aires,GUERNICA,9
Provincia de Buenos Aires,TRISTAN SUAREZ,9
Provincia de Buenos Aires,JOSE C PAZ,9
Provincia de Buenos Aires,VICENTE LOPEZ,9
Provincia de Buenos Aires,LAS FLORES,9
Provincia de Buenos Aires,VILLA ELISA,9
Córdoba,COSQUIN,9
Corrientes,ALVEAR,9
Provincia de Buenos Aires,CRUCESITA,9
Provincia de Buenos Aires,CORONEL SUAREZ,9
Provincia de Buenos Aires,CIUDAD EVITA,9
Provincia de Buenos Aires,CHACABUCO,9
Provincia de Buenos Aires,CAÑUELAS,9
Provincia de Buenos Aires,SAN NICOLAS,9
Provincia de Buenos Aires,MARCOS PAZ,9
Neuquén,ZAPALA,9
Provincia de Buenos Aires,ARRECIFES,9
Provincia de Buenos Aires,PILAR,9
Provincia de Buenos Aires,MAR DE AJO,9
Provincia de Buenos Aires,BRAGADO,9
Corrientes,ITUZAINGO,8
Provincia de Buenos Aires,LA UNION,8
Mendoza,CAPITAL,8
Provincia de Buenos Aires,GARIN,8
Córdoba,VILLA CURA BROCHERO,8
San Juan,capital,8
Provincia de Buenos Aires,JOSE MARMOL,8
Córdoba,ARROYITO,8
Provincia de Buenos Aires,VILLA RAMALLO,8
Santa Fe,CASILDA,8
Córdoba,SANTA ROSA DE CALAMUCHITA,8
Provincia de Buenos Aires,GRAL DANIEL CERRI,8
Córdoba,MENDIOLAZA,8
Provincia de Buenos Aires,necochea,8
Santa Fe,RUFINO,8
Provincia de Buenos Aires,EZPELETA ESTE,8
Provincia de Buenos Aires,EZPELETA,8
Córdoba,LA CALERA,8
Provincia de Buenos Aires,LUIS GUILLON,8
Provincia de Buenos Aires,SANTA TERESITA,8
Mendoza,San Rafael,8
Chubut,SARMIENTO,8
Chubut,Lago Puelo,8
Provincia de Buenos Aires,LOBOS,8
Provincia de Buenos Aires,ENSENADA,8
Provincia de Buenos Aires,TOLOSA,8
Tucumán,YERBA BUENA,8
Entre Ríos,Chajari,8
Provincia de Buenos Aires,DON TORCUATO,8
Provincia de Buenos Aires,VILLA CENTENARIO,8
Provincia de Buenos Aires,EL TALAR,8
Santa Cruz,PUERTO SAN JULIAN,7
Provincia de Buenos Aires,LOS POLVORINES,7
Provincia de Buenos Aires,MAIPU,7
Provincia de Buenos Aires,RAMALLO,7
Provincia de Buenos Aires,RANELAGH,7
Provincia de Buenos Aires,Manuel B Gonnet,7
Neuquén,SAN MARTIN DE LOS ANDES,7
San Luis,JUANA KOSLAY,7
Provincia de Buenos Aires,COLON,7
Provincia de Buenos Aires,BARADERO,7
Provincia de Buenos Aires,Villa Elisa,7
Provincia de Buenos Aires,BRANDSEN,7
Provincia de Buenos Aires,VILLA SARMIENTO,7
Provincia de Buenos Aires,SAN FRANCISCO SOLANO,7
Provincia de Buenos Aires,VILLA SAENZ PEÑA,7
Provincia de Buenos Aires,SAN ANTONIO DE ARECO,7
Mendoza,VISTALBA,7
Provincia de Buenos Aires,Pehuajo,7
Provincia de Buenos Aires,DAIREAUX,7
Provincia de Buenos Aires,SAN MIGUEL DEL MONTE,7
Provincia de Buenos Aires,DEL VISO,7
Provincia de Buenos Aires,DON BOSCO,7
Santa Cruz,Rio Gallegos,7
Provincia de Buenos Aires,VICTORIA,7
Neuquén,PLAZA HUINCUL,7
Provincia de Buenos Aires,GENERAL LAMADRID,7
Provincia de Buenos Aires,GENERAL LAS HERAS,7
San Juan,rivadavia,7
Provincia de Buenos Aires,TURDERA,7
Provincia de Buenos Aires,FRANCISCO ALVAREZ,7
Provincia de Buenos Aires,ROQUE PEREZ,7
Santa Fe,GALVEZ,7
Santa Fe,CAPITAN BERMUDEZ,7
Corrientes,MERCEDES,7
Córdoba,COLONIA CAROYA,7
Córdoba,SAN ANTONIO DE ARREDONDO,7
Chaco,VILLA ANGELA,7
Santa Fe,PILAR,7
Córdoba,LABOULAYE,7
Santa Fe,CAÑADA DE GOMEZ,7
Santa Fe,GRANADERO BAIGORRIA,7
Mendoza,PALMIRA,6
Provincia de Buenos Aires,VIRREY DEL PINO,6
Provincia de Buenos Aires,MALVINAS ARGENTINAS,6
Santa Fe,Venado Tuerto,6
Mendoza,RIVADAVIA,6
Entre Ríos,CONCEPCION DEL URUGU,6
Provincia de Buenos Aires,NUEVE DE JULIO,6
Córdoba,VILLA GENERAL BELGRANO,6
Provincia de Buenos Aires,CANNING,6
Mendoza,GENERAL GUTIERREZ,6
Santa Fe,VILLA CONSTITUCION,6
Mendoza,GENERAL SAN MARTIN,6
Córdoba,VILLA DE LAS ROSAS,6
Provincia de Buenos Aires,LOS TOLDOS,6
Mendoza,MAYOR DRUMMOND,6
Provincia de Buenos Aires,ROJAS,6
Tierra del Fuego A. e I.A.S.,TOLHUIN,6
Provincia de Buenos Aires,LOS HORNOS,6
Santa Fe,VILLA CAÑAS,6
Neuquén,NEUQUEN CAPITAL,6
Entre Ríos,NOGOYA,6
La Rioja,CAPITAL,6
Santa Cruz,PUERTO SANTA CRUZ,6
Provincia de Buenos Aires,TRENQUE LAUQUEN,6
Provincia de Buenos Aires,MONTE CHINGOLO,6
Provincia de Buenos Aires,SAN CLEMENTE DEL TUYU,6
San Juan,san juan,6
Provincia de Buenos Aires,INGENIERO BUDGE,6
Misiones,LEANDRO N ALEM,6
Córdoba,ALMAFUERTE,6
Provincia de Buenos Aires,INGENIERO MASCHWITZ,6
Provincia de Buenos Aires,INGENIERO WHITE,6
Santa Fe,SAN JORGE,6
Provincia de Buenos Aires,GENERAL MADARIAGA,6
Mendoza,CARRODILLA,6
Provincia de Buenos Aires,JOSE LEON SUAREZ,6
Santa Cruz,PICO TRUNCADO,6
Santa Fe,RECONQUISTA,6
Córdoba,villa del rosario,6
Mendoza,TUNUYAN,6
Corrientes,MONTE CASEROS,6
Santa Cruz,LAS HERAS,6
Provincia de Buenos Aires,EL JAGUEL,6
Misiones,SAN JAVIER,6
Catamarca,CATAMARCA SAN FERNANDO DEL VALLE DE,6
Provincia de Buenos Aires,TABLADA,6
Tierra del Fuego A. e I.A.S.,ANTARTIDA,5
Santa Fe,ELISA,5
Santa Fe,ARMSTRONG,5
Provincia de Buenos Aires,MONTE HERMOSO,5
Mendoza,COQUIMBITO,5
Provincia de Buenos Aires,SAN MANUEL,5
Mendoza,CIUDAD,5
San Juan,SANTA LUCIA,5
La Rioja,CHILECITO,5
La Pampa,TOAY,5
San Luis,Capital,5
Mendoza,EL CHALLAO,5
Córdoba,LAS VARILLAS,5
Misiones,APOSTOLES,5
Provincia de Buenos Aires,MATHEU,5
Provincia de Buenos Aires,HENDERSON,5
Santa Fe,SAN LORENZO,5
Provincia de Buenos Aires,GUILLERMO E HUDSON,5
Provincia de Buenos Aires,GREGORIO DE LAFERRERE,5
Provincia de Buenos Aires,GREGORIO DE LA FERRERE,5
Santa Fe,SAN GENARO,5
Provincia de Buenos Aires,ESCOBAR,5
Provincia de Buenos Aires,VILLA DE MAYO,5
Córdoba,Cordoba,5
Provincia de Buenos Aires,VILLA LA FLORIDA,5
Santa Fe,PEYRANO,5
Santa Fe,MONTES DE OCA,5
Provincia de Buenos Aires,VILLA MAIPU,5
Corrientes,ITATI,5
Provincia de Buenos Aires,BERNAL OESTE,5
Santa Fe,LAS PAREJAS,5
Provincia de Buenos Aires,LIMA,5
Córdoba,LA RANCHERITA,5
Córdoba,LAS CALLES,5
Córdoba,LAS HIGUERAS,5
Provincia de Buenos Aires,SIERRA DE LA VENTANA,5
Provincia de Buenos Aires,WILLIAM MORRIS,5
Provincia de Buenos Aires,ACASSUSO,5
Chubut,RIO MAYO,5
Córdoba,MONTE RALO,5
Tucumán,LAS TALITAS,5
Misiones,PUERTO RICO,5
Entre Ríos,BASAVILBASO,5
San Luis,San Luis,5
Córdoba,VILLA ALLENDE,5
Entre Ríos,VILLA LIBERTADOR SAN MARTIN,5
Entre Ríos,URDINARRAIN,5
Córdoba,VILLA NUEVA,5
Entre Ríos,Gualeguay,5
Entre Ríos,SEGUI,5
Neuquén,SAN MARTIN DE LOS AN,4
Provincia de Buenos Aires,SANTA MARIA,4
Santa Fe,VILLA GOBERNADOR GALVEZ,4
Misiones,ELDORADO,4
Provincia de Buenos Aires,MAGDALENA,4
Provincia de Buenos Aires,chivilcoy,4
Catamarca,TINOGASTA,4
Córdoba,MONTE BUEY,4
Chubut,GAIMAN,4
Córdoba,MORTEROS,4
Provincia de Buenos Aires,QUEQUEN,4
Entre Ríos,VILLAGUAY,4
Córdoba,NONO,4
Provincia de Buenos Aires,ALDO BONZI,4
Misiones,BERNARDO DE IRIGOYEN,4
Chubut,EL HOYO,4
Río Negro,SAN CARLOS DE BARILO,4
Santa Fe,ELORTONDO,4
Mendoza,VILLA NUEVA DE GUAYM,4
Santa Fe,EL TREBOL,4
Córdoba,RIO SEGUNDO,4
Mendoza,LUZURIAGA,4
Córdoba,Rio Cuarto,4
Chaco,Resistencia,4
Entre Ríos,SAN SALVADOR,4
Mendoza,EUGENIO BUSTOS,4
Chubut,Rawson,4
Entre Ríos,FEDERAL,4
Tucumán,SAN MIGUEL DE TUCUMA,4
Provincia de Buenos Aires,LOMA HERMOSA,4
Provincia de Buenos Aires,HERNANDEZ,4
Provincia de Buenos Aires,TRONCOS DEL TALAR,4
Provincia de Buenos Aires,GONNET,4
Córdoba,ARROYO DE LOS PATOS,4
Santa Cruz,Perito Moreno,4
Corrientes,RIACHUELO,4
Santa Fe,SAN JAVIER,4
Provincia de Buenos Aires,VEDIA,4
Córdoba,BIALET MASSE,4
Santa Fe,Roldan,4
Provincia de Buenos Aires,ESTEBAN ECHEVERRIA,4
Córdoba,COLONIA ITALIANA,4
Provincia de Buenos Aires,RAUCH,4
Provincia de Buenos Aires,DOCK SUD,4
Provincia de Buenos Aires,VILLA ESPAÑA,4
Entre Ríos,CASEROS,4
Provincia de Buenos Aires,CORONEL BRANDSEN,4
Santa Fe,PIAMONTE,4
Córdoba,DEAN FUNES,4
Provincia de Buenos Aires,CIUDAD JARDIN DEL PALOMAR,4
Santa Fe,PEREZ,4
Provincia de Buenos Aires,VILLA RAFFO,4
Córdoba,HUERTA GRANDE,4
Provincia de Buenos Aires,VILLA SANTOS TESEI,4
Santa Fe,LAS ROSAS,4
Provincia de Buenos Aires,BOSQUES,4
Santa Fe,TORTUGAS,4
Mendoza,DORREGO,4
Provincia de Buenos Aires,chasico,4
San Juan,VILLA KRAUSE,4
Chaco,BARRANQUERAS,4
La Rioja,CHAMICAL,4
Provincia de Buenos Aires,PARADA ROBLES,4
Provincia de Buenos Aires,PONTEVEDRA,4
Provincia de Buenos Aires,SAN JOSE,4
San Juan,albardon,4
La Pampa,EDUARDO CASTEX,4
Corrientes,BELLA VISTA,3
Provincia de Buenos Aires,BARRIO PARQUE LELOIR,3
Provincia de Buenos Aires,LISANDRO OLMOS,3
Entre Ríos,DIAMANTE,3
Provincia de Buenos Aires,BASE AERONAVAL PUNTA,3
Provincia de Buenos Aires,BARRIO EL CAZADOR,3
Provincia de Buenos Aires,SIERRA DE LOS PADRES,3
Santa Cruz,EL CALAFATE,3
Santa Fe,Armstrong,3
Santa Cruz,EL CHALTEN,3
San Juan,POCITO,3
Córdoba,LA CUMBRE,3
Entre Ríos,Concordia,3
Provincia de Buenos Aires,Villa Martelli,3
Provincia de Buenos Aires,BOULOGNE SUR MER,3
Provincia de Buenos Aires,LAS MALVINAS,3
Corrientes,CURUZU CUATIA,3
Provincia de Buenos Aires,SUIPACHA,3
Corrientes,Corrientes,3
Provincia de Buenos Aires,CAMPO DE MAYO,3
Córdoba,HERNANDO,3
Provincia de Buenos Aires,LABARDEN,3
Córdoba,TANTI,3
Entre Ríos,GENERAL RAMIREZ,3
Entre Ríos,Federacion,3
Córdoba,SANTA CATALINA,3
Chaco,LAS BREÑAS,3
Provincia de Buenos Aires,MARIANO ACOSTA,3
Río Negro,CHOELE CHOEL,3
Río Negro,CATRIEL,3
Córdoba,MONTE MAIZ,3
Provincia de Buenos Aires,MAR DEL TUYU,3
La Rioja,La Rioja,3
Río Negro,ALLEN,3
Neuquén,JUNIN DE LOS ANDES,3
Provincia de Buenos Aires,MAR AZUL,3
Córdoba,MALAGUEÑO,3
Córdoba,LEONES,3
La Pampa,Santa Rosa,3
Córdoba,LUQUE,3
Entre Ríos,Victoria,3
Provincia de Buenos Aires,9 de Julio,3
Tucumán,MONTEROS,3
San Juan,chimbas,3
Provincia de Buenos Aires,ALBERTI,3
Provincia de Buenos Aires,ALMIRANTE BROWN,3
Entre Ríos,GOBERNADOR MANSILLA,3
Provincia de Buenos Aires,LA REJA,3
Provincia de Buenos Aires,VILLA MADERO,3
Provincia de Buenos Aires,CARLOS SPEGAZZINI,3
Santa Fe,MONTE VERA,3
San Luis,Villa Mercedes,3
Santa Fe,RICARDONE,3
Córdoba,VILLA LOS AROMOS,3
Provincia de Buenos Aires,TAPIALES,3
Jujuy,PALPALA,3
Córdoba,BOUWER,3
Santa Fe,SAN CARLOS CENTRO,3
Provincia de Buenos Aires,VALERIA DEL MAR,3
Provincia de Buenos Aires,GARDEY,3
Formosa,PIRANE,3
Provincia de Buenos Aires,GENERAL JUAN MADARIAGA,3
Provincia de Buenos Aires,Ituzaingo,3
Provincia de Buenos Aires,GENERAL VIAMONTE,3
Provincia de Buenos Aires,SAENZ PEÑA,3
Provincia de Buenos Aires,TRUJUI,3
San Luis,LA TOMA,3
Provincia de Buenos Aires,GOWLAND,3
Córdoba,ANISACATE,3
Córdoba,VILLA PARQUE SANTA ANA,3
Provincia de Buenos Aires,SAAVEDRA,3
Santa Fe,SAN JUSTO,3
Provincia de Buenos Aires,INGENIERO ADOLFO SOURDEAUX,3
San Luis,LA PUNTA,3
Santa Fe,SANTA TERESA,3
Jujuy,PERICO,3
Provincia de Buenos Aires,REMEDIO DE ESCALADA,3
Santa Cruz,LOS ANTIGUOS,3
Provincia de Buenos Aires,San Nicolas de los Arroyos,3
Entre Ríos,COLONIA AVELLANEDA,3
Provincia de Buenos Aires,CARMEN DE PATAGONES,3
Provincia de Buenos Aires,CASTELLI,3
Provincia de Buenos Aires,CENTRO AGRICOLA EL PATO,3
Córdoba,DIQUE CHICO,3
Provincia de Buenos Aires,CIUDAD JARDIN LOMAS DEL PALOMAR,3
San Juan,villa krause,3
Provincia de Buenos Aires,LA LUCILA,3
Provincia de Buenos Aires,PRESIDENTE DERQUI,3
Provincia de Buenos Aires,CORONEL DORREGO,3
Provincia de Buenos Aires,LA LONJA,3
Jujuy,SAN SALVADOR  DE JUJUY,3
Provincia de Buenos Aires,CRISTIANO MUERTO,3
Provincia de Buenos Aires,San Pedro,3
Provincia de Buenos Aires,VILLA GOBERNADOR UDAONDO,3
Provincia de Buenos Aires,VILLA GENERAL SUCRE,3
Provincia de Buenos Aires,City Bell,3
Santa Fe,PUEBLO ESTHER,3
Provincia de Buenos Aires,SAN CARLOS DE BOLIVAR,3
Jujuy,SAN SALVADOR DE JUJU,3
Santa Fe,PUERTO GENERAL SAN MARTIN,3
Provincia de Buenos Aires,VILLA CELINA,3
Río Negro,Dina Huapi,3
San Juan,rawson,3
Mendoza,RAMA CAIDA,3
Salta,CAPITAL,3
Tucumán,CONCEPCION,3
Córdoba,VALLE HERMOSO,3
Mendoza,TRES ESQUINA,3
Córdoba,SACANTA,3
Río Negro,RIO COLORADO,3
Entre Ríos,ORO VERDE,3
Río Negro,SAN ANTONIO OESTE,3
Chaco,Las Breñas,3
Córdoba,SALSACATE,3
Córdoba,PILAR,3
Chaco,QUITILIPI,3
Provincia de Buenos Aires,Moreno,3
Río Negro,SIERRA GRANDE,3
Mendoza,CAPILLA DEL ROSARIO,3
Provincia de Buenos Aires,SAN NICOLAS DE LOS ARROLLOS,3
Salta,EL BORDO,3
Mendoza,VILLA SAN CARLOS,3
Provincia de Buenos Aires,PEDERNALES,3
Mendoza,VILLA NUEVA,3
Santa Fe,CORONDA,3
Mendoza,SAN FRANCISCO DEL MONTE,3
Córdoba,UNQUILLO,3
Provincia de Buenos Aires,PABLO NOGUES,3
Córdoba,VALLE DE ANISACATE,3
San Luis,NASCHEL,3
Provincia de Buenos Aires,SALLIQUELO,3
Mendoza,PANQUEHUA,3
Misiones,JARDIN AMERICA,3
Mendoza,RODEO DE LA CRUZ,3
Santa Fe,CORREA,3
Provincia de Buenos Aires,OPEN DOOR,3
San Luis,Merlo,3
Catamarca,SAN FDO DEL VALLE DE,2
Provincia de Buenos Aires,DOMSELAAR,2
Provincia de Buenos Aires,DARREGUEIRA,2
Provincia de Buenos Aires,CASBAS,2
Salta,SAN LORENZO,2
Santa Cruz,El Calafate,2
Provincia de Buenos Aires,DE LA GARMA,2
Provincia de Buenos Aires,VILLA GENERAL JOSE TOMAS GUIDO,2
Córdoba,CRUZ ALTA,2
Córdoba,CORDOBA CAPITAL,2
Córdoba,GENERAL DEHEZA,2
Entre Ríos,BOVRIL,2
Provincia de Buenos Aires,San Blas,2
Córdoba,EMBALSE,2
Salta,EMBARCACION,2
Córdoba,CORODBA,2
Mendoza,LAS CAÑAS,2
Entre Ríos,SAN BENITO,2
Córdoba,VILLA GIARDINO,2
Chaco,SAN BERNARDO,2
Mendoza,MALARGÜE,2
Córdoba,DESPEÑADEROS,2
Córdoba,EL BRETE,2
Provincia de Buenos Aires,VILLA INSUPERABLE,2
Mendoza,BUENA NUEVA,2
Provincia de Buenos Aires,SAN NICOLAS DE LOS A,2
Entre Ríos,CEIBAS,2
Provincia de Buenos Aires,COMANDANTE NICANOR OTAMENDI,2
Salta,METAN,2
San Luis,CORTADERAS,2
Córdoba,Rio Ceballos,2
San Juan,santa lucia,2
Santa Fe,SUNCHALES,2
Mendoza,LAS TORTUGAS,2
Santa Fe,PUERTO GRAL SAN MARTIN,2
Santa Fe,PUEBLO ANDINO,2
Provincia de Buenos Aires,VILLA GRAL SAVIO,2
Mendoza,LAS PAREDES,2
Mendoza,CAMPO DE LOS ANDES,2
Córdoba,CRUZ DEL EJE,2
Provincia de Buenos Aires,Carmen de Patagones,2
Salta,ROSARIO DE LERMA,2
Provincia de Buenos Aires,Santa Clara del Mar,2
Provincia de Buenos Aires,Chascomus,2
Santa Cruz,JARAMILLO,2
La Rioja,VINCHINA,2
Salta,Salta,2
Entre Ríos,SANTA ANITA,2
Córdoba,Villa del Rosario,2
Provincia de Buenos Aires,Necochea,2
Santa Fe,SAN JERONIMO NORTE,2
Santa Fe,SAUCE VIEJO,2
Santa Fe,CARCARAÑA,2
Chaco,PUERTO TIROL,2
Córdoba,Villa Maria,2
Santa Fe,SAN JOSE DE LA ESQUI,2
Provincia de Buenos Aires,TIERRAS ALTAS,2
San Luis,HUALTARAN,2
Provincia de Buenos Aires,Tandil,2
Tierra del Fuego A. e I.A.S.,Ushuaia,2
Provincia de Buenos Aires,GOBERNADOR COSTA,2
Provincia de Buenos Aires,SALVADOR MARIA,2
Córdoba,ARGUELLO,2
San Juan,IGLESIA,2
Provincia de Buenos Aires,RICARDO ROJAS,2
Mendoza,CORONEL DORREGO,2
Provincia de Buenos Aires,RINGUELET,2
Provincia de Buenos Aires,PABLO PODESTA,2
Provincia de Buenos Aires,Ringuelet,2
Córdoba,VILLA SAN ISIDRO,2
Provincia de Buenos Aires,General Rodriguez,2
Corrientes,SALADAS,2
Córdoba,VILLA RUMIPAL,2
Santa Fe,ALVAREZ,2
Provincia de Buenos Aires,TORNQUIST,2
Corrientes,PASO DE LA PATRIA,2
Provincia de Buenos Aires,GENERAL JUAN MADARIA,2
Córdoba,SALDAN,2
Provincia de Buenos Aires,GENERAL BELGRANO,2
Salta,TARTAGAL,2
Provincia de Buenos Aires,JUAN MARIA GUTIERREZ,2
Provincia de Buenos Aires,TAPALQUE,2
Provincia de Buenos Aires,JUAN COUSTE,2
Santa Cruz,Los Antiguos,2
Corrientes,Mercedes,2
Provincia de Buenos Aires,NAVARRO,2
Provincia de Buenos Aires,VILLA BERNARDO MONTEAGUDO,2
Provincia de Buenos Aires,EXALTACION DE LA CRUZ,2
Mendoza,General Alvear,2
Córdoba,CARLOS PAZ,2
Córdoba,CAPITAL,2
Provincia de Buenos Aires,VILLA ASTOLFI,2
Córdoba,CANALS,2
Provincia de Buenos Aires,SALTO,2
Santa Fe,Rafaela,2
Provincia de Buenos Aires,FIORITO,2
Salta,salta,2
Entre Ríos,SAN JUSTO,2
Jujuy,La Quiaca,2
Córdoba,BELLE VILLE,2
Provincia de Buenos Aires,PUAN,2
Provincia de Buenos Aires,Florida,2
San Juan,CAPITAL,2
Provincia de Buenos Aires,NORDELTA,2
Santa Fe,SAN CRISTOBAL,2
Provincia de Buenos Aires,GENERAL ALVEAR,2
Chaco,COLONIA BENITEZ,2
Córdoba,VILLA GENERAL BRLGRANO,2
Chaco,FONTANA,2
Entre Ríos,VIALE,2
Provincia de Buenos Aires,ituzaingo,2
Córdoba,Las Higueras,2
Neuquén,Villa La Angostura,2
Santa Fe,BELLA ITALIA,2
Provincia de Buenos Aires,9 DE ABRIL,2
Santa Fe,CERES,2
Provincia de Buenos Aires,ABASTO,2
Córdoba,OLIVA,2
Provincia de Buenos Aires,ADOLFO GONZALES CHAVES,2
Provincia de Buenos Aires,bahia blanca,2
Córdoba,VILLA BUSTOS,2
Provincia de Buenos Aires,ayacucho,2
Chubut,Trelew,2
Chaco,MAKALLE,2
San Juan,pocito,2
Río Negro,San Carlos de Bariloche,2
Santa Fe,VILLA GOBERNADOR GAL,2
Santa Fe,HUMBOLDT,2
Entre Ríos,GENERAL GALARZA,2
Santa Fe,BARRANQUITAS,2
Mendoza,VILLA HIPODROMO,2
Córdoba,LAS VARAS,2
Córdoba,LAS TAPIAS,2
Santa Fe,VILLA AMELIA,2
Córdoba,LAS RABONAS,2
Neuquén,SAN PATRICIO DEL CHAÑAR,2
Provincia de Buenos Aires,Los Toldos,2
Mendoza,CHILECITO,2
Entre Ríos,URUGUAY,2
Río Negro,El Bolson,2
Córdoba,NOETINGER,2
Provincia de Buenos Aires,MAXIMO PAZ,2
Misiones,PUERTO IGUAZU,2
Entre Ríos,LARROQUE,2
Provincia de Buenos Aires,SAN IDIDRO,2
Santiago del Estero,FRIAS,2
Córdoba,MORRISON,2
Misiones,GARUPA,2
Río Negro,GENERAL FERNANDEZ ORO,2
Entre Ríos,IBICUY,2
Neuquén,ANDACOLLO,2
Río Negro,CINCO SALTOS,2
La Rioja,capital,2
Chubut,EPUYEN,2
Río Negro,General Roca,2
Neuquén,CONFLUENCIA,2
Chubut,EL MAITEN,2
Río Negro,PADRE ALEJANDRO STEFENELLI,2
Santa Fe,ZAVALLA,2
Chubut,PLAYA UNION,2
Santa Fe,FIGHIERA,2
Entre Ríos,HASENKAMP,2
Mendoza,malargue,2
Mendoza,las heras,2
Provincia de Buenos Aires,BAHIA SAN BLAS,2
Provincia de Buenos Aires,Henderson,2
Provincia de Buenos Aires,BULOGNE SUR MER,2
Córdoba,LA CARLOTA,2
Provincia de Buenos Aires,SOURIGUES,2
Provincia de Buenos Aires,VIRREYES,2
Córdoba,JOVITA,2
Mendoza,RODEO DEL MEDIO,2
Chaco,CORONEL DU GRATY,2
La Pampa,INTENDENTE ALVEAR,2
Provincia de Buenos Aires,CABILDO,2
Santa Fe,LAS TOSCAS,2
Córdoba,INRRIVILLE,2
Córdoba,INRIVILLE,2
Santa Cruz,El CAlafate,2
Provincia de Buenos Aires,Berazategui,2
Provincia de Buenos Aires,Benavidez,2
Córdoba,SANTA MARIA DE PUNILLA,2
Provincia de Buenos Aires,LAPRIDA,2
Salta,Capital,2
Salta,CHICOANA,2
Córdoba,JUSTINIANO POSSE,2
Corrientes,EMPEDRADO,2
Santa Fe,Cañada de Gomez,2
Provincia de Buenos Aires,MORSE,2
Provincia de Buenos Aires,PAZ JOSE C,2
Provincia de Buenos Aires,Pilar,2
Río Negro,VILLA MASCARDI,2
Provincia de Buenos Aires,BASE NAVAL RIO SANTI,2
Santa Cruz,COMANDANTE LUIS PIEDRABUENA,2
Córdoba,POTRERO DE GARAY,2
Entre Ríos,VILLA ELISA,2
Mendoza,USPALLATA,2
Provincia de Buenos Aires,SIERRAS BAYAS,2
Santa Fe,fighiera,1
Provincia de Buenos Aires,San Carlos de BOLIVAR,1
Provincia de Buenos Aires,San Andres,1
Tucumán,Cevil Redondo,1
Tucumán,LULES,1
Santiago del Estero,BARRIO ALBERDI,1
Santiago del Estero,FERNANDEZ,1
Tucumán,LASTENIA,1
Santa Fe,santa fe,1
Provincia de Buenos Aires,Saenz Peña,1
Tucumán,AGUILARES,1
Santa Fe,Serodino,1
Santa Fe,Santa Fe,1
Provincia de Buenos Aires,SAN BENITO,1
Provincia de Buenos Aires,TORQUINST,1
Santa Fe,SASTRE,1
Provincia de Buenos Aires,SAN NICOLAS DE LOS AROYOS,1
Tucumán,ALDERETES,1
Provincia de Buenos Aires,TESEI,1
Santa Fe,villa constitucion,1
Tierra del Fuego A. e I.A.S.,Isla Marambio sobre el Mar de Weddell,1
Tucumán,TAFI VIEJO,1
Provincia de Buenos Aires,SALDUNGARAY,1
Tucumán,LEON ROUGES,1
Santa Fe,WHEELWRIGHT,1
Santiago del Estero,villa ojo de agua,1
Tucumán,EL CORTE,1
Tucumán,Los Pocitos,1
Provincia de Buenos Aires,SAN FRANCISCO DE ASIS,1
Tucumán,San Miguel,1
Tucumán,VILLA LA TRINIDAD,1
Tucumán,FAMAILLA,1
Santa Fe,TOSTADO,1
Provincia de Buenos Aires,SUAREZ JOSE LEON,1
Provincia de Buenos Aires,SANTOS TESEI,1
Santa Fe,TOTORAS,1
Provincia de Buenos Aires,SARNADI,1
Provincia de Buenos Aires,Sourigues,1
Santiago del Estero,MACO,1
Santa Fe,VERA,1
Provincia de Buenos Aires,SANTA TRINIDAD,1
Santa Fe,VILLA GUILLERMINA,1
Provincia de Buenos Aires,STROEDER,1
Tierra del Fuego A. e I.A.S.,ANTARTIDA ARGENTINA,1
Provincia de Buenos Aires,SAN MARTIN GENERAL,1
Santa Fe,SOLEDAD,1
Provincia de Buenos Aires,SANTA ROSA,1
Tucumán,VILLA CARMELA,1
Provincia de Buenos Aires,SALIQUELLO,1
Tucumán,JUAN BAUTISTA ALBERDI,1
Santa Fe,Timbues,1
Provincia de Buenos Aires,SANTA LUCIA,1
Provincia de Buenos Aires,SANTA ELENA,1
Santa Fe,SOLDINI,1
Provincia de Buenos Aires,SAN BERNARDO DEL TUYU,1
Tucumán,MICROCENTRO,1
Santa Fe,Villa Gobernador Galvez,1
Santa Fe,TEODELINA,1
Provincia de Buenos Aires,Vicente Lopez,1
Santa Fe,SANCTI SPIRITU,1
San Juan,Chimbas,1
Salta,VILLA SAN LORENZO,1
Salta,Vaqueros,1
San Juan,BARREAL,1
Santa Fe,COLONIA CASTELAR,1
San Juan,CAPITAN LAZO,1
San Juan,CAUCETE,1
San Juan,CAUSETE,1
San Juan,CHIMBAS,1
San Juan,COLONIA ZAPATA,1
San Juan,Jachal,1
San Juan,VILLA DEL CARMEN,1
San Juan,LAS CHIMBAS,1
San Juan,LAS FLORES,1
Santa Fe,CLUCELLAS,1
San Juan,RAWSON,1
Santa Fe,CHOVET,1
Santa Fe,CHAÑAR LADEADO,1
San Juan,RODEO,1
San Juan,Rawson,1
San Juan,Rivadavia,1
Salta,SAN ANTONIO DE LOS COBRES,1
Salta,SALVADOR MAZZA,1
Salta,ROSARIO DE LA FRONTERA,1
Salta,LA SILLETA,1
Santa Fe,EMILIA,1
Río Negro,El Foyel,1
Río Negro,Fernandez Oro,1
Río Negro,GENERAL ENRIQUE GODO,1
Río Negro,GRAL ROCA,1
Río Negro,INGENIERO JACOBACCI,1
Río Negro,LAMARQUE,1
Río Negro,LOS MENUCOS,1
Río Negro,PILCANIYEU,1
Río Negro,Sa Grande,1
Río Negro,VALCHETA,1
Santa Fe,Cañada De Gomez,1
Santa Fe,Casilda,1
Salta,BARRIO SANTA ANA,1
Salta,CAMPAMENTO VESPUCIO,1
Salta,EL CARRIL,1
Salta,EL QUEBRACHAL,1
Salta,General Güemes,1
Salta,LA MERCED,1
San Juan,SANTA  LUCIA,1
San Juan,barrio altos del natania,1
Río Negro,DIMA HUAPI,1
Santa Fe,AVELLANEDA,1
San Luis,TILISARAO,1
San Luis,VILLA DEL CARMEN,1
San Luis,VILLA LARCA,1
San Luis,VILLA REYNOLDS,1
San Luis,Villa de Merlo,1
San Luis,Vlla Reynolds,1
Santa Cruz,AGUADA ALEGRE,1
Santa Cruz,CABO DE LAS VIRGENES,1
Santa Fe,Armsrtrong,1
Santa Fe,ATALIVA,1
Santa Fe,CENTENO,1
Santa Cruz,Gobernador Gregores,1
Santa Cruz,LAGO POSADAS,1
Santa Cruz,MORENO PERITO,1
Santa Fe,ARTEAGA,1
Santa Fe,ARROYO LEYES,1
Santa Cruz,RIO TURBIO,1
Santa Cruz,Rio gallegos,1
Santa Cruz,TRES CERROS,1
Santa Cruz,rio gallegos,1
San Luis,SAN PABLO,1
San Luis,SAN FRANCISCO DEL MONTE DE ORO,1
Santa Fe,BERNARDO DE IRIGOYEN,1
San Luis,NOGOLI,1
San Juan,caucete,1
Santa Fe,CAÑADA DEL UCLE,1
San Juan,madia agua,1
San Juan,rivadavis,1
San Juan,rodeo,1
San Juan,ullun,1
San Juan,zonda,1
San Luis,BELGRANO,1
San Luis,CERRO DE ORO,1
Santa Fe,CARMEN,1
San Luis,Carpinteria,1
San Luis,Carpintria,1
San Luis,EL VOLCAN,1
San Luis,FRAGA ZONA RURAL,1
San Luis,Juana Koslay,1
San Luis,LUJAN,1
San Luis,La Punta,1
San Luis,Los Molles,1
Santa Fe,BIGAND,1
Río Negro,EL CUY,1
Río Negro,Cipolletti,1
Santa Fe,SAN VICENTE,1
Provincia de Buenos Aires,VILLA LYNCH,1
Provincia de Buenos Aires,VILLA GENERAL SAVIO,1
Provincia de Buenos Aires,VILLA GODOY CRUZ,1
Provincia de Buenos Aires,VILLA GRANADEROS DE SAN MARTIN,1
Santa Fe,PUEBLO ALCORTA,1
Provincia de Buenos Aires,VILLA GREGORIA MATORRAS,1
Santa Fe,PAVON ARRIBA,1
Santa Fe,Montes de Oca,1
Santa Fe,MURPHY,1
Provincia de Buenos Aires,VILLA LINCH,1
Santa Fe,MARIA SUSANA,1
Provincia de Buenos Aires,VILLA VENTANA,1
Provincia de Buenos Aires,VILLA MARTELI,1
Santa Fe,Las Parejas,1
Santa Fe,LUIS PALACIOS,1
Santa Fe,LOPEZ,1
Provincia de Buenos Aires,VILLA SAN ANDRES,1
Santa Fe,LLAMBI CAMPBELL,1
Provincia de Buenos Aires,VILLA SANTA ROSA,1
Provincia de Buenos Aires,VILLA TESEI,1
Provincia de Buenos Aires,VILLA TESSEI,1
Santa Fe,PUEBLO AREQUITO,1
Provincia de Buenos Aires,VILLA ELVIRA,1
Santa Fe,PUERTO GABOTO,1
Santa Fe,Perez,1
Provincia de Buenos Aires,TRES ALGARROBOS,1
Provincia de Buenos Aires,TRES DE FEBRERO,1
Santa Fe,SAN JOSE DEL RINCON,1
Santa Fe,SAN JOSE DE LA ESQUINA,1
Provincia de Buenos Aires,Temperley,1
Provincia de Buenos Aires,Tolosa,1
Provincia de Buenos Aires,Tres de Febrero,1
Santa Fe,SAN JERONIMO SUD,1
Provincia de Buenos Aires,UNIDAD TURISTICA CHAPADMALAL,1
Provincia de Buenos Aires,Uribelarrea,1
Provincia de Buenos Aires,VALENTI ALSINA,1
Santa Fe,SAN GERONIMO,1
Santa Fe,SAN CARLOS SUD,1
Provincia de Buenos Aires,VILL ALUZURIAGA,1
Provincia de Buenos Aires,VILLA AYACUCHO,1
Santa Fe,Pujato Norte,1
Provincia de Buenos Aires,VILLA BOSH,1
Provincia de Buenos Aires,VILLA CACIQUE,1
Provincia de Buenos Aires,VILLA CASTELLS,1
Provincia de Buenos Aires,VILLA VATTEONE,1
Provincia de Buenos Aires,VILLA YAPEYU,1
Río Negro,CLEMENTE ONELLI,1
Provincia de Buenos Aires,muñiz,1
Provincia de Buenos Aires,ciudad evita,1
Santa Fe,Funes,1
Provincia de Buenos Aires,claypole,1
Provincia de Buenos Aires,isidro casanova,1
Santa Fe,FRONTERA,1
Provincia de Buenos Aires,junin,1
Provincia de Buenos Aires,la dulce,1
Santa Fe,FRAY LUIS BELTRAN,1
Provincia de Buenos Aires,moreno,1
Provincia de Buenos Aires,san justo,1
Santa Fe,LAS PETACAS,1
Provincia de Buenos Aires,san miguel,1
Santa Fe,Elortondo,1
Provincia de Buenos Aires,sierra de la ventana,1
Provincia de Buenos Aires,villa centenario,1
Provincia de Buenos Aires,zarate,1
Provincia de Buenos Aires ,LANUS,1
Santa Fe,EMPALME VILLA CONSTITUCION,1
Río Negro,Bariloche,1
Río Negro,Blaneario Las Grutas,1
Provincia de Buenos Aires,ahedo,1
Provincia de Buenos Aires,Zarate,1
Santa Fe,Galvez,1
Provincia de Buenos Aires,ZONA DELTA TIGRE,1
Provincia de Buenos Aires,VUELTA DE OBLIGADO,1
Provincia de Buenos Aires,Valeria del Mar,1
Santa Fe,LANDETA,1
Santa Fe,LAGUNA PAIVA,1
Santa Fe,JUAN BERNABE MOLINA,1
Santa Fe,AMBROSETTI,1
Provincia de Buenos Aires,Villa Ballester,1
Santa Fe,JOSEFINA,1
Provincia de Buenos Aires,Villa Elvira,1
Provincia de Buenos Aires,Villa Gesell,1
Provincia de Buenos Aires,Villa Libertad,1
Santa Fe,IBARLUCEA,1
Provincia de Buenos Aires,Villa Lynch,1
Provincia de Buenos Aires,Villa Marques De Aguado,1
Provincia de Buenos Aires,Villa Ramallo,1
Provincia de Buenos Aires,Villalonga,1
Provincia de Buenos Aires,Villanueva,1
Provincia de Buenos Aires,ZAMUDIO,1
Santa Fe,Granadero Baigorria,1
Catamarca,CATAMARCA,1
Provincia de Buenos Aires,DIQUE LUJAN,1
Provincia de Buenos Aires,ROBERTS,1
Córdoba,VILLA DEL PRADO,1
Córdoba,VILLA HUIDOBRO,1
Córdoba,VILLA ICHO CRUZ,1
Córdoba,VILLA LA BOLSA,1
Córdoba,VILLA PAQUE SANTA ANA,1
Córdoba,VILLA PARQUE SIQUIMAN,1
Córdoba,VILLA RIO ICHO CRUZ,1
Córdoba,VILLA RIVERA INDARTE,1
Córdoba,VILLA SAN NICOLAS,1
Córdoba,VILLA SANTA CRUZ DEL LAGO,1
Córdoba,VILLA YACANTO,1
Córdoba,VILLAS CIUDAD DE AMERICA,1
Córdoba,Villa Allende,1
Córdoba,Villa Los Aromos,1
Córdoba,Villa Nueva,1
Córdoba,Villa del rosario,1
Córdoba,YACANTO,1
Córdoba,cordoba,1
Córdoba,rio primero,1
Córdoba,villa Adela,1
Córdoba,villa san nicolas,1
Entre Ríos,ALDEA BRASILERA,1
Entre Ríos,ALDEA MARIA LUISA,1
Entre Ríos,ALDEA PROTESTANTE,1
Entre Ríos,ALDEA VALLE MARIA,1
Entre Ríos,ANTONIO TOMAS,1
Entre Ríos,ARANGUREN,1
Entre Ríos,COLONIA AYUI,1
Entre Ríos,Ceibas,1
Entre Ríos,EL PINGO,1
Córdoba,VILLA GENERAL BELGRA,1
Córdoba,VILLA DEL DIQUE,1
Córdoba,Los Cedros,1
Córdoba,VILLA DE SOTO,1
Córdoba,MATIENZO,1
Córdoba,MAYU SUMAJ,1
Córdoba,MENDIOLAZA GOLF,1
Córdoba,MIRAMAR,1
Córdoba,MONTE CRISTO,1
Córdoba,MULLER,1
Córdoba,OBISPO TREJO,1
Córdoba,PIQUILLIN,1
Córdoba,PORTEÑA,1
Córdoba,POZO DEL MOLLE,1
Córdoba,PRADOS DE MANANTIALES,1
Córdoba,Pedania Villa del Rosario,1
Córdoba,QUEBRADA DE LOS POZOS,1
Córdoba,RIO PRIMERO,1
Córdoba,SAN JERONIMO,1
Córdoba,SAN LORENZO,1
Córdoba,SAN MARCOS SIERRAS,1
Córdoba,SAN NICOLAS,1
Córdoba,SAN PEDRO,1
Córdoba,SAN ROQUE,1
Córdoba,SANTA ISABEL,1
Córdoba,SANTA MARIA,1
Córdoba,SANTA MONICA,1
Córdoba,SATURNINO M LASPIUR,1
Córdoba,SUCO,1
Córdoba,TANCACHA,1
Córdoba,TANTI NUEVO,1
Córdoba,TOLEDO,1
Córdoba,VILLA ASCASUBI,1
Entre Ríos,ENRIQUE CARBO,1
Entre Ríos,Estacion Yuqueri,1
Entre Ríos,GENERAL CAMPOS,1
Entre Ríos,GOBERNADOR SOLA,1
Jujuy,San Salvador de Jujuy,1
Jujuy,San salvador,1
La Pampa,ATALIVA ROCA,1
La Pampa,CARRO QUEMADO,1
La Pampa,CATRILO,1
La Pampa,EMBAJADOR MARTINI,1
La Pampa,Eduardo Castex,1
La Pampa,LA ADELA,1
La Pampa,LUAN TORO,1
La Pampa,MAISONNAVE,1
La Pampa,MARACO,1
La Pampa,PARERA,1
La Pampa,RANCUL,1
La Pampa,SPELUZZI,1
La Rioja,SAN BLAS DE LOS SAUCES,1
La Rioja,VILLA SANAGASTA,1
La Rioja,Villa Sanagasta,1
Mendoza,5TA SECCION,1
Mendoza,AGRELO,1
Mendoza,ALTO SALVADOR,1
Mendoza,ALTO VERDE,1
Mendoza,Alto Verde Giagnoni,1
Mendoza,BARRIO MARTIN GUEMES,1
Mendoza,BERMEJO,1
Mendoza,BOWEN,1
Mendoza,Bowen,1
Mendoza,CAPITAN MONTOYA,1
Mendoza,CHALLAO,1
Mendoza,CIUDAD DE JUNIN,1
Jujuy,San Pedro,1
Jujuy,San Antonio,1
Jujuy,SAN SALVADOR DE JUJY,1
Entre Ríos,SAUCE DE LUNA,1
Entre Ríos,Gral Pueblo Belgrano,1
Entre Ríos,HAMBIS,1
Entre Ríos,HERNANDARIAS,1
Entre Ríos,LIBERTADOR SAN MARTI,1
Entre Ríos,LIBERTADOR SAN MARTIN,1
Entre Ríos,LUCAS GONZALEZ,1
Entre Ríos,MACIA,1
Entre Ríos,MARIA GRANDE,1
Entre Ríos,PRONUNCIAMIENTO,1
Entre Ríos,PUEBLO ARRUA EST ALCARAZ,1
Entre Ríos,PUEBLO BRUGO,1
Entre Ríos,Puerto Ruiz,1
Entre Ríos,SAN JAIME DE LA FRONTERA,1
Entre Ríos,SAUCE PINTO,1
Jujuy,Palpala,1
Entre Ríos,San Jaime de La Frontera,1
Entre Ríos,TALA,1
Entre Ríos,UBAJAY,1
Entre Ríos,VILLA PARANACITO,1
Entre Ríos,VILLA SAN JUSTO,1
Entre Ríos,VILLA URQUIZA,1
Formosa,CLORINDA,1
Formosa,COMANDANTE FONTANA,1
Formosa,EL POTRILLO,1
Formosa,El Colorado,1
Formosa,Las Lomitas,1
Formosa,Lomitas,1
Formosa,formosa,1
Córdoba,MALVINAS ARGENTINAS,1
Córdoba,La Serranita,1
Provincia de Buenos Aires,RIVERA,1
Chubut,EL HOYO DE EPUYEN,1
Chubut,El Hoyo,1
Chubut,Esquel,1
Chubut,FACUNDO,1
Chubut,LAS GOLONDRINAS  LAGO PUELO,1
Chubut,LOS CIPRESES,1
Chubut,Las Golondrinas,1
Chubut,PARAJE CERRO RADAL LAGO PUELO,1
Chubut,PLAYA UNION RAWSON,1
Chubut,Paraje Entre Rios,1
Chubut,Puerto Madryn,1
Chubut,Puerto madryn,1
Chubut,Trevelin,1
Chubut,VILLA FUTALAUFQUEN,1
Chubut,Villa Lago Rivadavia,1
Ciudad de Buenos Aires,BALVANERA,1
Ciudad de Buenos Aires,CAPITAL FEDERAL,1
Ciudad de Buenos Aires,CIUDAD AUTONOMA DE  BUENOS AIRES,1
Ciudad de Buenos Aires,CIUDAD DE BUENOS AIRES,1
Corrientes,CAPITAL,1
Corrientes,COLONIA CAROLINA,1
Corrientes,CORRIENTES CAPITAL,1
Corrientes,ENSENADA GRANDE,1
Corrientes,Ituzaingo,1
Corrientes,MANUEL DERQUI,1
Corrientes,MBURUCUYA,1
Corrientes,Mocoreta,1
Corrientes,NARANJITO SAN ROQUE,1
Corrientes,Paso de la Patria,1
Corrientes,Riachuelo,1
Chubut,ESCALANTE,1
Chubut,DOLAVON,1
Córdoba,La Falda,1
Chubut,Camarones,1
Catamarca,Catamarca,1
Catamarca,RINCON,1
Catamarca,SAN FERNANDO,1
Catamarca,SAN FERNANDO DEL VAL,1
Catamarca,SAN FERNANDO DEL VALLE,1
Catamarca,SAN ISIDRO,1
Catamarca,SUMALAO,1
Catamarca,San Fernando del valle de Catamarca,1
Catamarca,VALLE VIEJO,1
Catamarca,VILLA DOLORES,1
Chaco,Barranqueras,1
Chaco,CHACO,1
Chaco,CHARATA,1
Chaco,COLONIA BARANDA,1
Chaco,COLONIA POPULAR,1
Chaco,EL SAUZALITO,1
Chaco,GENERAL VEDIA,1
Chaco,LAS PALMAS,1
Chaco,MARGARITA BELEN,1
Chaco,PRECIDENCIA ROQUE SANEZ PEÑA,1
Chaco,PRESIDENCIA ROQUE SA,1
Chaco,PRESIDENCIA ROQUE SAENZ PEÑA,1
Chaco,PRESIDENTE ROQUE SAENZ PEÑA,1
Chubut,ALTO RIO SENGUER,1
Chubut,CHOLILA,1
Chubut,COMODORO RIIVADAVIA,1
Chubut,COMODORO RIVADAVA,1
Chubut,COMODORO RIVDAVIA,1
Chubut,CORCOVADO,1
Corrientes,SAN BENITO,1
Corrientes,SAN LUIS DEL PALMAR,1
Corrientes,SANTA ANA DE LOS GUACARAS,1
Corrientes,Santo Tome,1
Córdoba,Capilla del Monte,1
Córdoba,Corral de Bustos,1
Córdoba,Costa Azul Anisacate,1
Córdoba,DEVOTO,1
Córdoba,EL FORTIN,1
Córdoba,EL MANZANO,1
Córdoba,ESTACION JUAREZ CELMAN,1
Córdoba,ESTANCIA VIEJA,1
Córdoba,GENERAL CABRERA,1
Córdoba,GOULD,1
Córdoba,GRAL BELGRANO,1
Córdoba,GRANJA DE CLARET,1
Córdoba,GUATIMOZIN,1
Córdoba,General Cabrera,1
Córdoba,HUINCA REMANCO,1
Córdoba,HUINCA RENANCO,1
Córdoba,IDIAZABAL,1
Córdoba,ISLA VERDE,1
Córdoba,LA GRANJA,1
Córdoba,LA PALESTINA,1
Córdoba,LA PUERTA,1
Córdoba,LAGUNA LARGA,1
Córdoba,LAS ALBAHACAS,1
Córdoba,LAS PERDICES,1
Córdoba,LOS AROMOS,1
Córdoba,LOS CONDORES,1
Córdoba,LOS HORNILLOS,1
Córdoba,LOS TALAS ANISACATE,1
Córdoba,LOZADA,1
Córdoba,Canals,1
Córdoba,CRUZ DE CAÑA,1
Córdoba,CORONEL OLMEDO,1
Córdoba,BENGOLEA,1
Córdoba,ADELIA MARIA,1
Córdoba,AGUA DE ORO,1
Córdoba,ALEJANDRO ROCA,1
Córdoba,ALICIA,1
Córdoba,ARIAS,1
Córdoba,BALLESTEROS,1
Córdoba,BALNEARIA,1
Córdoba,BARRIO ALTA CORDOBA,1
Córdoba,BARRIO ALTOS GENERAL PAZ,1
Córdoba,BARRIO GRAL PAZ,1
Córdoba,BARRIO MULLER,1
Córdoba,BARRIO PATRICIOS,1
Córdoba,BARRIO YOFRE,1
Córdoba,BERROTARAN,1
Córdoba,CORONEL MOLDES,1
Córdoba,Ballesteros,1
Córdoba,Barrio  ALBERDI,1
Córdoba,Barrio San Justo,1
Córdoba,Bell Ville,1
Córdoba,CAVALANGO,1
Córdoba,CHARRAS,1
Córdoba,CHUCUL,1
Córdoba,CIUDAD AUTONOMA DE BUENOS AIRESLANGO,1
Córdoba,COLON,1
Córdoba,COLONIA ALMADA,1
Córdoba,COLONIA VIGNAUD,1
Córdoba,COMUNA ESTANCIA VIEJA,1
Córdoba,COMUNA SAN ROQUE,1
Mendoza,COLONIA ALVEAR OESTE,1
Mendoza,COQUIMBO,1
Mendoza,CRACRAS DE CORIA,1
Provincia de Buenos Aires,FATIMA,1
Provincia de Buenos Aires,FLORENTINO AMEGHINO,1
Provincia de Buenos Aires,FRANCISCO MADERO,1
Provincia de Buenos Aires,Florencio Varela,1
Provincia de Buenos Aires,Francisco Alvarez,1
Provincia de Buenos Aires,GENERAL GUIDO,1
Provincia de Buenos Aires,GENERAL LAVALLE,1
Provincia de Buenos Aires,GENERAL O BRIEN,1
Provincia de Buenos Aires,GENERAL PECHECO,1
Provincia de Buenos Aires,GENERAL ROJO,1
Provincia de Buenos Aires,GENERAL VILLEGAS,1
Provincia de Buenos Aires,GERMANIA,1
Provincia de Buenos Aires,GLORIA DE LA PEREGRINA,1
Provincia de Buenos Aires,GOBERNADOR CASTRO,1
Provincia de Buenos Aires,GODOY CRUZ VILLA,1
Provincia de Buenos Aires,GORINA,1
Provincia de Buenos Aires,GREGORIO DE LAFERRER,1
Provincia de Buenos Aires,GUIDO VILLA GENERAL JOSE TOMAS,1
Provincia de Buenos Aires,General Juan Madariaga,1
Provincia de Buenos Aires,Glew,1
Provincia de Buenos Aires,HUDSON,1
Provincia de Buenos Aires,Haedo,1
Provincia de Buenos Aires,Highland Park Chapadmalal,1
Provincia de Buenos Aires,IGNACIO CORREAS,1
Provincia de Buenos Aires,ING MASCHWITZ,1
Provincia de Buenos Aires,INGENIERO ADOLFO SOU,1
Provincia de Buenos Aires,INGENIERO PABLO NOGUES,1
Provincia de Buenos Aires,Isidro Casanova,1
Provincia de Buenos Aires,JAUREGUI JOSE MARIA,1
Provincia de Buenos Aires,JOSE INGENIEROS,1
Provincia de Buenos Aires,FATIMA ESTACION EMPALME,1
Provincia de Buenos Aires,Ezpeleta,1
Mendoza,Carrodilla,1
Provincia de Buenos Aires,Ensenada,1
Provincia de Buenos Aires,CARLOS SALAS,1
Provincia de Buenos Aires,CARLOS SEPAGAZZINI,1
Provincia de Buenos Aires,CARLOS TEJEDOR,1
Provincia de Buenos Aires,CARLOS ZPEGAZZINI,1
Provincia de Buenos Aires,CIUDAD JARDIN EL LIBERTADOR,1
Provincia de Buenos Aires,CLAROMECO,1
Provincia de Buenos Aires,CLUB DE CAMPO ABRIL,1
Provincia de Buenos Aires,COSTA AZUL,1
Provincia de Buenos Aires,CUARTEL V,1
Provincia de Buenos Aires,CURVA DE BERRAYMUNDO,1
Provincia de Buenos Aires,Carhue,1
Provincia de Buenos Aires,Carmen de Areco,1
Provincia de Buenos Aires,Carmende Patagones,1
Provincia de Buenos Aires,Casbas,1
Provincia de Buenos Aires,DEL PILAR,1
Provincia de Buenos Aires,DELTA DEL TIGRE,1
Provincia de Buenos Aires,DELTA TIGRE,1
Provincia de Buenos Aires,DELVISO,1
Provincia de Buenos Aires,DONSELAR,1
Provincia de Buenos Aires,DOOMSELARR,1
Provincia de Buenos Aires,DUDIGNAC,1
Provincia de Buenos Aires,Delta,1
Provincia de Buenos Aires,EL PATO,1
Provincia de Buenos Aires,EL REMANSO,1
Provincia de Buenos Aires,EMPALME LOBOS,1
Provincia de Buenos Aires,ERNESTINA,1
Provincia de Buenos Aires,ESPORA,1
Provincia de Buenos Aires,ESTACION GOMEZ,1
Provincia de Buenos Aires,EZPELETA OESTE,1
Provincia de Buenos Aires,JUAN JOSE PASO,1
Provincia de Buenos Aires,JUAN N FERNANDEZ,1
Provincia de Buenos Aires,Juan Maria Gutierrez,1
Provincia de Buenos Aires,Junin,1
Provincia de Buenos Aires,Mercedes,1
Provincia de Buenos Aires,Miramar,1
Provincia de Buenos Aires,Moron,1
Provincia de Buenos Aires,NORBERTO DE LA RIESTRA,1
Provincia de Buenos Aires,Nueve de Julio,1
Provincia de Buenos Aires,Olivos,1
Provincia de Buenos Aires,PALOMAR,1
Provincia de Buenos Aires,PARQUE SAN MARTIN,1
Provincia de Buenos Aires,PEHUAJO 849,1
Provincia de Buenos Aires,PEHUEN CO,1
Provincia de Buenos Aires,PEREYRA,1
Provincia de Buenos Aires,PIGUE,1
Provincia de Buenos Aires,PIGÜE,1
Provincia de Buenos Aires,PLAYA CHAPADMALAL,1
Provincia de Buenos Aires,PRESIDENTE PERON,1
Provincia de Buenos Aires,PRIMERA SECCION ISLAS DEL TIGRE,1
Provincia de Buenos Aires,PUEBLO SAN JOSE,1
Provincia de Buenos Aires,PUERTOBELGRANO,1
Provincia de Buenos Aires,PUNTA LARA,1
Provincia de Buenos Aires,Pablo Podesta,1
Provincia de Buenos Aires,Parque Sicardi,1
Provincia de Buenos Aires,Paso del Rey,1
Provincia de Buenos Aires,Pavon,1
Provincia de Buenos Aires,Pergamino,1
Provincia de Buenos Aires,Platanos,1
Provincia de Buenos Aires,Punta Alta,1
Provincia de Buenos Aires,RAMON SANTAMARINA,1
Provincia de Buenos Aires,RETA,1
Provincia de Buenos Aires,RINCON DE MILBERG,1
Provincia de Buenos Aires,Martinez,1
Provincia de Buenos Aires,Maipu,1
Provincia de Buenos Aires,MONTEAGUDO VILLA BERNARDO DE,1
Provincia de Buenos Aires,LISANDRO OLMO,1
Provincia de Buenos Aires,LA DULCE,1
Provincia de Buenos Aires,LA EMILIA,1
Provincia de Buenos Aires,LA LONJA PILAR,1
Provincia de Buenos Aires,LA LUCILA DEL MAR,1
Provincia de Buenos Aires,LA MATANZA,1
Provincia de Buenos Aires,LA Plata,1
Provincia de Buenos Aires,LABARDE,1
Provincia de Buenos Aires,LANUS (O),1
Provincia de Buenos Aires,LAS ACACIAS,1
Provincia de Buenos Aires,LAS HERAS,1
Provincia de Buenos Aires,LAS TONINAS,1
Provincia de Buenos Aires,LEANDRO N ALEM,1
Provincia de Buenos Aires,LEZAMA,1
Provincia de Buenos Aires,LOMA VERDE,1
Provincia de Buenos Aires,MINISTRO RIVADAVIA,1
Provincia de Buenos Aires,LOMCHAMPS,1
Provincia de Buenos Aires,LONCHAMPS,1
Provincia de Buenos Aires,LOPEZ VICENTE,1
Provincia de Buenos Aires,LUCILA DEL MAR,1
Provincia de Buenos Aires,Labarden,1
Provincia de Buenos Aires,Lanus Este,1
Provincia de Buenos Aires,Lisandro Olmos,1
Provincia de Buenos Aires,Lujan,1
Provincia de Buenos Aires,MANUEL ALBERTI,1
Provincia de Buenos Aires,MANUEL ALBERTI  DEL VISO,1
Provincia de Buenos Aires,MANUEL OCAMPO,1
Provincia de Buenos Aires,MAQUINISTA FRANCISCO SAVIO,1
Provincia de Buenos Aires,MECHONGUE,1
Provincia de Buenos Aires,CARLOS KEEN,1
Provincia de Buenos Aires,CARLOS BEGUERIE,1
Provincia de Buenos Aires,CARILO,1
Misiones,san vicente,1
Mendoza,SEXTA SECCION,1
Mendoza,Tunuyan,1
Mendoza,VILLA 25 DE MAYO,1
Mendoza,VILLA ATUEL,1
Mendoza,VILLA SECA RODEO DEL MEDIO,1
Mendoza,VILLA TULUMAYA,1
Mendoza,VISTA FLORES,1
Mendoza,VISTALBA LUJAN DE CUYO,1
Mendoza,Vista Flores,1
Mendoza,capital,1
Mendoza,la consulta,1
Mendoza,los barriales,1
Misiones,ARISTOBULO DEL VALLE,1
Misiones,AZARA,1
Misiones,CERRO AZUL,1
Misiones,COLONIA GUARANI,1
Misiones,CONCEPCION DE LA SIERRA,1
Misiones,Concepcion de la Sierra,1
Misiones,EL DORADO,1
Misiones,Eldorado,1
Misiones,IGUAZU,1
Misiones,LEANDRO NICEFORO ALEM,1
Misiones,MISIONES,1
Misiones,MONTE CARLO,1
Misiones,Posadas,1
Misiones,SAN PEDRO,1
Misiones,SAN VICENTE,1
Misiones,San Ignacio,1
Misiones,VILLALONGA CARUPA,1
Mendoza,SAN PEDRO DEL ATUEL,1
Mendoza,SAN FRANCISCO DEL MO,1
Mendoza,SAN AMRTIN,1
Mendoza,LA PUNILLA   LUJAN DE CUYO,1
Mendoza,Chacras de Coria,1
Mendoza,EL NIHUIL,1
Mendoza,EL TROPEZON,1
Mendoza,EL USILLAL,1
Mendoza,EL ZAPALLAR,1
Mendoza,GENERAL ALVER,1
Mendoza,GENERAL BELGRANO,1
Mendoza,GOBERNADOR BENEGAS,1
Mendoza,Gogoy Cruz,1
Mendoza,INGENIERO GIAGNONI  JUNIN,1
Mendoza,LA COLONIA JUNIN,1
Mendoza,LA PAZ,1
Mendoza,LA PRIMAVERA,1
Mendoza,LAS COMPUERTAS,1
Mendoza,Rivadavia,1
Mendoza,LAS COMPUERTAS NEGRA,1
Mendoza,LAS CUEVAS,1
Mendoza,LOS ARBOLES ANDRADE,1
Mendoza,LUZURIAGA Barrio Ferroviario,1
Mendoza,La Consulta,1
Mendoza,Luzuriaga,1
Mendoza,MENDOZA CAPITAL,1
Mendoza,PERDRIEL,1
Mendoza,PHILIPPS,1
Mendoza,PUENTE DE HIERRO,1
Mendoza,REAL DEL PADRE,1
Mendoza,RODRIGUEZ PEÑA,1
Mendoza,RUSELL,1
Misiones,san martin,1
Neuquén,ALUMINE,1
Provincia de Buenos Aires,CARDENAL CAGLIERO,1
Neuquén,Alumine,1
Provincia de Buenos Aires,ARROYO DULCE,1
Provincia de Buenos Aires,ARTURO SEGUI,1
Provincia de Buenos Aires,ATALAYA,1
Provincia de Buenos Aires,Adolfo Gonzales Chaves,1
Provincia de Buenos Aires,Adrogue,1
Provincia de Buenos Aires,Almirante Brown,1
Provincia de Buenos Aires,BALLESTER,1
Provincia de Buenos Aires,BALNEARIO RETA,1
Provincia de Buenos Aires,BARRIO ESTACION DOLORES,1
Provincia de Buenos Aires,BARRIO ESTEBAN ECHEV,1
Provincia de Buenos Aires,BASE AERONAVAL CMTE,1
Provincia de Buenos Aires,BATAN,1
Provincia de Buenos Aires,BERASATEGUI,1
Provincia de Buenos Aires,BERUTTI,1
Provincia de Buenos Aires,BILLINGHURST,1
Provincia de Buenos Aires,BUENOS AIRES,1
Provincia de Buenos Aires,Bahia San Blas,1
Provincia de Buenos Aires,Balcarce,1
Provincia de Buenos Aires,Barrio Gloria de la Peregrina,1
Provincia de Buenos Aires,Beccar,1
Provincia de Buenos Aires,Bella Vista,1
Provincia de Buenos Aires,Burzaco,1
Provincia de Buenos Aires,CACEROS,1
Provincia de Buenos Aires,CACHARI,1
Provincia de Buenos Aires,CANNING ESTEBAN ECHE,1
Provincia de Buenos Aires,CANTERA LA MOVEDIZA,1
Provincia de Buenos Aires,CAPILLA DEL SEÑOR,1
Provincia de Buenos Aires,CAPITAN  SARMIENTO,1
Provincia de Buenos Aires,CAPITAN SARMIENTO,1
Provincia de Buenos Aires,ARROYO CORTO,1
Provincia de Buenos Aires,ARANA,1
Provincia de Buenos Aires,ANGEL ETCHEVERRY,1
Neuquén,PIEDRA DE AGUILA,1
Neuquén,AÑELO,1
Neuquén,BUTA RANQUIL,1
Neuquén,CAVIAHUE,1
Neuquén,COVUNCO,1
Neuquén,Confluencia,1
Neuquén,Covunco Centro,1
Neuquén,LA ANGOSTURA,1
Neuquén,LAGO MOQUEHUE,1
Neuquén,Las Lajas,1
Neuquén,MELIQUINA,1
Neuquén,Neuquen,1
Neuquén,PARAJE MOQUEHUE,1
Neuquén,PICUN LEUFU,1
Neuquén,PIEDRA DEL AGUILA,1
Provincia de Buenos Aires,AMERICA,1
Neuquén,Plaza Huincul,1
Neuquén,RINCON DE LOS SAUCES,1
Neuquén,San Martin de los Andes,1
Neuquén,VILLA LA LANGOSTURA,1
Neuquén,Villa El Chocon,1
Neuquén,Zapala,1
Provincia de Buenos Aires,20 DE JUNIO,1
Provincia de Buenos Aires,30 DE AGOSTO,1
Provincia de Buenos Aires,ADOLFO SORDEAUX,1
Provincia de Buenos Aires,AEROPUERTO EZEIZA,1
Provincia de Buenos Aires,AGOTE,1
Provincia de Buenos Aires,AGUSTINA,1
Provincia de Buenos Aires,ALTO LOS CARDALES CAMPANA,1
Tucumán,Yerba buena,1
